<?xml version="1.0" encoding="UTF-8"?>
<content xmlns:j="http://www.jahia.org/jahia/1.0" xmlns:jcr="http://www.jcp.org/jcr/1.0">
    <modules jcr:primaryType="jnt:modules">
        <jahia-disqus-connector j:dependencies="default siteSettings"
                              j:modulePriority="0"
                              j:moduleType="module"
                              j:title="Disqus Connector"
                              jcr:primaryType="jnt:module">
            <portlets jcr:primaryType="jnt:portletFolder"/>
            <files jcr:primaryType="jnt:folder"/>
            <contents jcr:primaryType="jnt:contentFolder"/>
            <templates j:rootTemplatePath="/base"
                       jcr:primaryType="jnt:templatesFolder">
                <site-settings-base j:view="siteSettings"
                                    jcr:mixinTypes="jmix:useUILocale"
                                    jcr:primaryType="jnt:template">
                    <disqus j:applyOn="jnt:virtualsite"
                                      j:requiredPermissionNames="disqusModerator"
                                      j:defaultTemplate="false"
                                      j:hiddenTemplate="true"
                                      j:icon="/modules/jahia-disqus-connector/templates/files/disqus_logo.png"
                                      j:requiredPermissions=""
                                      j:titleKey="jnt_disqusConnector"
                                      jcr:mixinTypes="jmix:rbTitle"
                                      jcr:primaryType="jnt:contentTemplate">
                        <pagecontent jcr:primaryType="jnt:contentList">
                            <disqusConnector jcr:primaryType="jnt:disqusConnector"/>
                        </pagecontent>
                    </disqus>
                </site-settings-base>
                <files jcr:primaryType="jnt:folder">
                    <disqus_logo.png j:height="16"
                                   j:width="16"
                                   jcr:mixinTypes="jmix:image"
                                   jcr:primaryType="jnt:file">
                        <jcr:content jcr:mimeType="image/png" jcr:primaryType="jnt:resource"/>
                    </disqus_logo.png>
                </files>
                <contents jcr:primaryType="jnt:contentFolder"/>
            </templates>
        </jahia-disqus-connector>
    </modules>
</content>